,Station Name,station_no,Site,Easting,Northing,Latitude,Longitude,rasterelevation,slope,Simple_Bou,Complete_B,isostatic,Geol_Krig,Depth,i,j,zone,num_meas
0,Son0001,SV-F06-01,SON,6391016.000,1905457.000,38.393,-122.595,996.860,0.880,0.335,0.369,0.235,0,Deep,29,4,Highlands,59
1,Son0002,SV-F06-02,SON,6391233.000,1905679.000,38.393,-122.595,1052.510,0.844,0.315,0.348,0.211,0,Deep,29,5,Highlands,61
2,Son0004,SV-G03-02,SON,6398573.652,1922586.338,38.440,-122.569,549.170,0.893,-0.437,-0.299,-0.336,1,Deep,4,32,Kenwood,32
3,Son0005,SV-G03-03,SON,6398828.435,1922322.627,38.439,-122.569,534.900,0.502,-0.437,-0.299,-0.338,1,Shallow,4,32,Kenwood,37
4,Son0006,SV-G03-04,SON,6398983.820,1921954.024,38.438,-122.568,517.040,0.553,-0.440,-0.307,-0.357,1,Shallow,5,32,Kenwood,36
5,Son0007,SV-G03-06,SON,6398818.862,1921983.387,38.438,-122.569,519.760,0.686,-0.444,-0.314,-0.371,1,Shallow,5,32,Kenwood,35
6,Son0008,SV-G04-01,SON,6397115.219,1920119.822,38.433,-122.574,478.480,0.435,-0.497,-0.429,-0.638,1,Shallow,7,27,Kenwood,12
7,Son0009,SV-G04-02,SON,6397099.535,1919284.971,38.431,-122.574,468.840,0.267,-0.486,-0.429,-0.653,1,Shallow,8,26,Kenwood,159
8,Son0010,SV-G04-03,SON,6397888.813,1915798.791,38.421,-122.572,436.720,0.533,-0.378,-0.350,-0.563,1,Shallow,15,25,Kenwood,12
9,Son0011,SV-G04-04,SON,6398568.201,1916263.573,38.423,-122.569,428.820,0.578,-0.392,-0.357,-0.553,1,Shallow,15,27,Kenwood,25
10,Son0012,SV-G04-05,SON,6398478.634,1919068.741,38.430,-122.570,462.380,0.371,-0.463,-0.394,-0.570,1,Deep,10,29,Kenwood,15
11,Son0014,SV-G04-07,SON,6398481.689,1918330.778,38.428,-122.570,450.740,0.458,-0.449,-0.390,-0.577,1,Shallow,11,28,Kenwood,13
12,Son0016,SV-G04-09,SON,6398870.000,1915621.000,38.421,-122.568,426.670,0.363,-0.368,-0.340,-0.527,1,Shallow,17,27,Kenwood,13
13,Son0017,SV-G05-01,SON,6397435.234,1914697.405,38.418,-122.573,476.790,1.533,-0.332,-0.314,-0.531,1,Shallow,17,23,VOM,13
14,Son0018,SV-G05-02,SON,6397934.910,1910320.365,38.406,-122.571,572.800,0.540,-0.148,-0.152,-0.321,0,Deep,26,21,VOM,9
15,Son0021,SV-H03-01,SON,6405689.616,1921832.053,38.438,-122.545,533.580,1.308,-0.182,0.099,0.461,0,Shallow,10,44,Highlands,23
16,Son0022,SV-H04-01,SON,6400577.292,1917622.956,38.426,-122.562,439.290,0.191,-0.391,-0.322,-0.432,1,Shallow,14,32,Kenwood,18
17,Son0023,SV-H04-03,SON,6401343.612,1917960.610,38.427,-122.560,444.840,1.287,-0.374,-0.291,-0.359,1,Deep,14,33,Kenwood,21
18,Son0024,SV-H04-04,SON,6400907.489,1917010.928,38.425,-122.561,437.760,0.187,-0.370,-0.310,-0.415,1,Deep,16,32,Kenwood,33
19,Son0025,SV-H04-05,SON,6403751.434,1916650.956,38.424,-122.551,437.330,0.252,-0.272,-0.189,-0.165,1,Shallow,18,37,Kenwood,20
20,Son0027,SV-H05-01,SON,6398568.755,1915528.639,38.421,-122.569,503.960,0.394,-0.367,-0.340,-0.536,1,Shallow,16,26,Kenwood,24
21,Son0028,SV-H05-02,SON,6402656.953,1913211.230,38.414,-122.555,407.130,2.680,-0.231,-0.220,-0.282,1,Shallow,24,32,Kenwood,30
22,Son0029,SV-H05-03,SON,6405017.832,1911899.343,38.411,-122.547,411.600,0.374,-0.132,-0.127,-0.111,1,Shallow,28,35,Kenwood,14
23,Son0030,SV-H06-01,SON,6403115.631,1908668.507,38.402,-122.553,393.110,5.420,-0.095,-0.118,-0.170,1,Shallow,33,29,VOM,16
24,Son0031,SV-H06-02,SON,6403571.220,1906399.731,38.396,-122.552,359.910,1.876,-0.032,-0.053,-0.124,1,Shallow,37,28,VOM,33
25,Son0034,SV-H06-05,SON,6402893.058,1907360.965,38.398,-122.554,383.010,1.055,-0.062,-0.085,-0.155,1,Shallow,35,28,VOM,14
26,Son0036,SV-H07-01,SON,6404039.535,1899550.098,38.377,-122.550,329.920,0.937,0.121,0.130,-0.004,1,Shallow,50,24,VOM,26
27,Son0037,SV-H08-01,SON,6400587.739,1896943.011,38.370,-122.562,605.940,1.431,0.215,0.258,0.096,0,Deep,52,15,Highlands,22
28,Son0038,SV-H08-02,SON,6403898.492,1897562.489,38.371,-122.550,348.300,3.172,0.164,0.185,0.049,1,Deep,54,22,VOM,27
29,Son0039,SV-H08-03,SON,6404205.900,1899090.215,38.376,-122.549,312.640,1.249,0.131,0.142,0.009,1,Deep,51,24,VOM,18
30,Son0040,SV-H12-01,SON,6405145.000,1874252.000,38.307,-122.545,1085.340,0.964,0.203,0.316,-0.098,0,Deep,98,6,Highlands,9
31,Son0041,SV-H12-02,SON,6404494.000,1874714.000,38.309,-122.548,1118.620,7.244,0.218,0.340,-0.069,0,Deep,96,5,Highlands,15
32,Son0042,SV-H12-03,SON,6401520.000,1875420.000,38.311,-122.558,1658.050,6.430,0.291,0.445,0.026,0,Deep,93,0,Highlands,13
33,Son0043,SV-H13-01,SON,6403077.000,1871672.000,38.300,-122.553,1452.210,4.834,0.280,0.412,-0.074,0,Deep,101,0,Highlands,11
34,Son0044,SV-H14-01,SON,6405917.000,1867610.000,38.289,-122.543,1107.970,3.792,0.276,0.347,-0.181,0,Deep,110,2,Highlands,17
35,Son0045,SV-H14-02,SON,6405928.000,1867573.000,38.289,-122.543,1104.140,3.610,0.277,0.347,-0.182,0,Deep,111,2,Highlands,14
36,Son0046,SV-H14-03,SON,6405408.000,1866627.000,38.287,-122.544,1263.430,4.886,0.316,0.384,-0.165,0,Deep,112,1,Highlands,15
37,Son0047,SV-I06-01,SON,6406180.482,1905404.896,38.393,-122.542,487.250,3.503,0.036,0.017,-0.014,1,Deep,41,32,VOM,47
38,Son0048,SV-I06-02,SON,6406835.915,1905004.752,38.392,-122.540,480.780,3.003,0.060,0.041,0.018,1,Shallow,42,33,VOM,37
39,Son0049,SV-I07-01,SON,6410633.000,1902468.000,38.385,-122.527,401.100,1.366,0.162,0.156,0.169,1,Shallow,50,38,VOM,25
40,Son0050,SV-I07-02,SON,6410775.980,1900923.256,38.381,-122.526,347.390,1.677,0.154,0.153,0.132,1,Deep,53,37,VOM,12
41,Son0051,SV-I12-01,SON,6407588.000,1875075.000,38.310,-122.537,1020.770,4.229,0.128,0.207,-0.178,0,Deep,98,11,Highlands,3
42,Son0052,SV-I13-01,SON,6407050.000,1870188.000,38.296,-122.539,869.450,1.322,0.194,0.266,-0.208,0,Deep,107,6,Highlands,17
43,Son0053,SV-J07-01,SON,6412069.000,1902861.000,38.386,-122.522,358.900,0.496,0.195,0.199,0.269,0,Shallow,50,41,VOM,40
44,Son0054,SV-J07-02,SON,6415448.980,1899776.197,38.378,-122.510,344.860,0.962,0.155,0.197,0.236,0,Deep,59,45,VOM,27
45,Son0055,SV-J07-03,SON,6413378.531,1900329.195,38.379,-122.517,322.300,0.339,0.167,0.186,0.202,0,Shallow,56,42,VOM,76
46,Son0056,SV-J07-04,SON,6412492.048,1902493.918,38.385,-122.520,320.000,0.339,0.198,0.206,0.277,0,Shallow,51,42,VOM,11
47,Son0057,SV-J08-01,SON,6411539.530,1898462.043,38.374,-122.524,278.400,3.441,0.141,0.149,0.088,1,Shallow,58,37,VOM,211
48,Son0058,SV-J08-02,SON,6413710.670,1897108.252,38.370,-122.516,306.610,0.614,0.108,0.130,0.047,1,Shallow,62,40,VOM,53
49,Son0059,SV-J08-03,SON,6414856.124,1898367.749,38.374,-122.512,320.380,0.387,0.120,0.154,0.121,0,Deep,61,43,VOM,19
50,Son0060,SV-J08-05,SON,6411494.726,1897801.664,38.372,-122.524,259.900,3.921,0.139,0.147,0.076,1,Shallow,59,36,VOM,31
51,Son0061,SV-J10-01,SON,6414294.240,1887344.599,38.344,-122.514,195.670,0.907,0.060,0.066,-0.078,1,Shallow,81,33,VOM,18
52,Son0062,SV-J12-05,SON,6414602.356,1876988.391,38.315,-122.513,278.070,1.700,-0.142,-0.153,-0.531,1,Deep,100,26,AguaCal,13
53,Son0063,SV-J12-06,SON,6415334.401,1875148.258,38.310,-122.510,239.000,0.548,-0.175,-0.199,-0.617,1,Deep,104,26,AguaCal,8
54,Son0064,SV-J13-01,SON,6413045.000,1867966.000,38.290,-122.518,291.300,0.900,0.017,-0.003,-0.490,0,Shallow,115,16,Highlands,46
55,Son0065,SV-J13-02,SON,6416178.570,1868858.609,38.293,-122.507,202.400,0.575,-0.150,-0.205,-0.723,1,Deep,116,22,AguaCal,27
56,Son0066,SV-J13-03,SON,6415774.921,1868533.092,38.292,-122.508,210.300,0.706,-0.124,-0.176,-0.691,1,Deep,116,21,AguaCal,29
57,Son0068,SV-J13-05,SON,6416140.000,1868766.000,38.293,-122.507,204.900,0.415,-0.147,-0.202,-0.721,1,Deep,116,22,AguaCal,21
58,Son0069,SV-K11-01,SON,6417811.000,1878537.000,38.319,-122.501,158.400,1.638,-0.298,-0.336,-0.743,1,Shallow,100,33,AguaCal,43
59,Son0070,SV-K13-01,SON,6417921.000,1869793.000,38.295,-122.501,154.960,0.574,-0.249,-0.318,-0.852,1,Shallow,116,26,AguaCal,15
60,Son0074,SV-K13-05,SON,6420331.000,1872368.000,38.302,-122.492,118.300,0.205,-0.377,-0.452,-0.964,1,Shallow,113,33,AguaCal,33
61,Son0075,SV-K13-06,SON,6418583.551,1872997.048,38.304,-122.499,137.100,0.749,-0.312,-0.374,-0.865,1,Shallow,110,30,AguaCal,11
62,Son0076,SV-K13-07,SON,6420713.958,1868942.962,38.293,-122.491,111.200,0.206,-0.353,-0.443,-1.000,1,Shallow,120,31,AguaCal,43
63,Son0077,SV-K13-08,SON,6416811.000,1868964.000,38.293,-122.505,184.100,0.362,-0.185,-0.246,-0.775,1,Deep,116,23,AguaCal,31
64,Son0078,SV-K13-09,SON,6418640.947,1872812.410,38.304,-122.498,138.510,0.297,-0.313,-0.376,-0.871,1,Shallow,111,30,AguaCal,373
65,Son0080,SV-K13-12,SON,6420515.565,1870765.401,38.298,-122.492,110.700,0.300,-0.367,-0.450,-0.985,1,Shallow,116,32,AguaCal,55
66,Son0081,SV-K13-13,SON,6418134.482,1867835.487,38.290,-122.500,158.300,0.430,-0.237,-0.311,-0.874,1,Deep,120,25,AguaCal,37
67,Son0083,SV-K14-01,SON,6416313.000,1867146.000,38.288,-122.506,195.100,0.408,-0.138,-0.197,-0.746,1,Deep,119,21,AguaCal,37
68,Son0084,SV-K14-02,SON,6416625.000,1866635.000,38.287,-122.505,180.800,0.416,-0.148,-0.211,-0.774,1,Deep,121,21,AguaCal,13
69,Son0087,SV-K14-06,SON,6416631.000,1866708.000,38.287,-122.505,182.800,0.436,-0.150,-0.212,-0.774,1,Deep,120,21,AguaCal,31
70,Son0088,SV-K14-04,SON,6417957.000,1866645.000,38.287,-122.501,154.960,0.329,-0.215,-0.290,-0.869,1,Shallow,122,24,AguaCal,40
71,Son0089,SV-K15-01,SON,6421524.000,1859506.000,38.267,-122.488,82.900,0.225,-0.271,-0.372,-1.107,1,Shallow,138,25,WestSide,37
72,Son0091,SV-K15-03,SON,6418837.612,1861742.241,38.273,-122.498,102.200,0.115,-0.202,-0.287,-0.978,1,Shallow,131,21,WestSide,41
73,Son0092,SV-K15-04,SON,6419899.000,1861664.000,38.273,-122.494,94.600,0.232,-0.254,-0.347,-1.049,1,Shallow,132,23,WestSide,20
74,Son0093,SV-K15-05,SON,6419955.681,1861444.794,38.273,-122.494,94.700,1.478,-0.253,-0.346,-1.053,1,Shallow,133,23,WestSide,33
75,Son0094,SV-K15-06,SON,6418835.000,1861342.000,38.272,-122.498,103.700,0.273,-0.194,-0.279,-0.977,1,Shallow,132,21,WestSide,39
76,Son0095,SV-K15-09,SON,6420273.020,1860057.788,38.269,-122.492,94.630,0.260,-0.233,-0.327,-1.056,1,Deep,136,23,WestSide,14
77,Son0096,SV-K15-10,SON,6418000.519,1859532.756,38.267,-122.500,135.120,0.569,-0.098,-0.176,-0.887,1,Deep,135,18,WestSide,20
78,Son0099,SV-L11-01,SON,6421996.000,1882777.000,38.331,-122.487,236.200,1.200,-0.381,-0.389,-0.720,1,Shallow,95,44,Highlands,28
79,Son0100,SV-L11-02,SON,6422355.766,1880770.231,38.326,-122.486,239.100,3.520,-0.440,-0.465,-0.845,0,Shallow,99,43,Highlands,13
80,Son0101,SV-L11-03,SON,6423864.403,1878504.225,38.319,-122.480,184.300,4.091,-0.478,-0.517,-0.917,0,Shallow,104,44,Highlands,23
81,Son0102,SV-L11-04,SON,6422866.000,1880245.000,38.324,-122.484,180.000,7.683,-0.456,-0.483,-0.870,0,Shallow,100,43,Highlands,7
82,Son0103,SV-L11-05,SON,6424522.000,1878846.000,38.320,-122.478,230.000,9.204,-0.481,-0.514,-0.909,0,Deep,104,45,Highlands,17
83,Son0104,SV-L11-06,SON,6422375.032,1880856.517,38.326,-122.486,260.000,3.637,-0.439,-0.463,-0.841,0,Deep,99,43,Highlands,13
84,Son0105,SV-L12-01,SON,6425206.000,1877186.000,38.316,-122.476,190.000,1.484,-0.489,-0.535,-0.939,0,Shallow,108,45,Highlands,17
85,Son0106,SV-L12-02,SON,6426801.000,1876289.000,38.313,-122.470,182.290,8.204,-0.491,-0.539,-0.944,0,Deep,111,48,Highlands,20
86,Son0107,SV-L12-04,SON,6423918.538,1875055.948,38.310,-122.480,138.200,0.387,-0.474,-0.542,-0.982,1,Shallow,111,41,CitySon,46
87,Son0108,SV-L12-05,SON,6424710.646,1875014.341,38.310,-122.477,144.890,0.486,-0.481,-0.548,-0.979,1,Shallow,112,43,CitySon,33
88,Son0111,SV-L13-01,SON,6424320.000,1872347.000,38.302,-122.479,121.700,0.477,-0.462,-0.548,-1.019,1,Deep,116,40,AguaCal,41
89,Son0112,SV-L13-02,SON,6425737.000,1870777.000,38.298,-122.474,95.000,0.204,-0.461,-0.558,-1.022,1,Deep,120,41,CitySon,52
90,Son0113,SV-L13-03,SON,6424929.995,1871089.930,38.299,-122.476,109.220,0.387,-0.457,-0.552,-1.027,1,Shallow,119,40,CitySon,8
91,Son0114,SV-L13-04,SON,6425081.115,1870714.736,38.298,-122.476,104.600,0.345,-0.457,-0.553,-1.031,1,Shallow,120,40,CitySon,22
92,Son0115,SV-L13-05,SON,6426850.138,1869083.601,38.294,-122.470,89.400,0.476,-0.464,-0.572,-1.048,1,Shallow,124,42,CitySon,54
93,Son0120,SV-L14-01,SON,6425573.588,1865166.019,38.283,-122.474,69.690,1.761,-0.446,-0.566,-1.137,1,Deep,130,37,SouthCent,32
94,Son0123,SV-M11-02,SON,6427049.921,1880979.351,38.326,-122.469,847.290,3.515,-0.466,-0.461,-0.829,0,Deep,102,52,Highlands,10
95,Son0124,SV-M12-01,SON,6427212.000,1876707.000,38.315,-122.469,184.090,4.063,-0.491,-0.534,-0.935,0,Shallow,110,49,Highlands,20
96,Son0125,SV-M12-03,SON,6428078.000,1877510.000,38.317,-122.466,224.750,1.609,-0.489,-0.519,-0.914,0,Deep,110,51,Highlands,21
97,Son0126,SV-M13-01,SON,6430322.000,1869898.000,38.296,-122.458,95.000,0.274,-0.475,-0.574,-0.998,1,Deep,125,49,CitySon,53
98,Son0127,SV-M13-02,SON,6430983.000,1869505.000,38.295,-122.455,95.000,0.343,-0.477,-0.578,-1.006,1,Shallow,127,50,CitySon,28
99,Son0128,SV-M13-03,SON,6431465.000,1869894.000,38.296,-122.454,98.000,0.148,-0.474,-0.571,-0.989,1,Deep,126,51,CitySon,38
100,Son0129,SV-M13-04,SON,6430405.000,1871199.000,38.299,-122.457,120.000,1.303,-0.471,-0.558,-0.963,1,Deep,123,50,Highlands,27
101,Son0131,SV-M13-06,SON,6427219.530,1868662.423,38.292,-122.468,80.010,0.393,-0.467,-0.577,-1.055,1,Shallow,125,42,CitySon,7
102,Son0132,SV-M13-07,SON,6427696.321,1868637.934,38.292,-122.467,78.910,0.263,-0.470,-0.580,-1.052,1,Shallow,126,43,CitySon,21
103,Son0133,SV-M13-08,SON,6427680.490,1868550.833,38.292,-122.467,79.570,0.436,-0.470,-0.581,-1.055,1,Shallow,126,43,CitySon,5
104,Son0134,SV-M13-09,SON,6429775.732,1868365.899,38.292,-122.460,82.500,0.084,-0.481,-0.593,-1.051,1,Shallow,128,47,CitySon,80
105,Son0135,SV-M13-10,SON,6429400.272,1868360.840,38.292,-122.461,80.400,0.247,-0.480,-0.592,-1.052,1,Shallow,127,46,CitySon,48
106,Son0136,SV-M13-11,SON,6430449.949,1867912.916,38.290,-122.457,79.200,0.157,-0.488,-0.603,-1.069,1,Shallow,129,48,CitySon,71
107,Son0137,SV-M13-12,SON,6429998.995,1867907.660,38.290,-122.459,79.200,0.338,-0.486,-0.601,-1.069,1,Shallow,129,47,CitySon,4
108,Son0138,SV-M13-13,SON,6430712.091,1867890.092,38.290,-122.456,79.900,0.406,-0.490,-0.604,-1.070,1,Shallow,129,48,CitySon,34
109,Son0139,SV-M13-14,SON,6432133.245,1869447.922,38.295,-122.451,100.330,0.390,-0.476,-0.575,-0.997,1,Shallow,128,52,CitySon,10
110,Son0145,SV-M14-02,SON,6431397.822,1864396.468,38.281,-122.454,65.580,0.484,-0.532,-0.664,-1.224,1,Shallow,136,47,SouthCent,20
111,Son0146,SV-M14-03,SON,6429344.661,1862615.596,38.276,-122.461,52.980,0.348,-0.509,-0.643,-1.250,1,Shallow,138,42,SouthCent,44
112,Son0147,SV-M14-05,SON,6429747.210,1862493.542,38.276,-122.460,53.500,0.290,-0.516,-0.650,-1.259,1,Shallow,138,42,SouthCent,39
113,Son0152,SV-M15-01,SON,6430476.000,1860016.000,38.269,-122.457,46.510,0.947,-0.510,-0.647,-1.302,1,Shallow,144,42,SouthCent,35
114,Son0154,SV-M15-03,SON,6428318.718,1861571.216,38.273,-122.464,53.100,0.272,-0.484,-0.617,-1.251,1,Deep,139,39,SouthCent,23
115,Son0155,SV-M15-04,SON,6432013.057,1860817.153,38.271,-122.452,45.830,0.086,-0.541,-0.681,-1.312,1,Shallow,143,45,SouthCent,15
116,Son0157,SV-M17-01,SON,6429418.604,1848109.565,38.236,-122.460,22.370,0.162,-0.153,-0.256,-0.992,1,Shallow,165,30,WestSide,28
117,Son0158,SV-M17-02,SON,6429287.726,1848102.949,38.236,-122.461,21.350,0.195,-0.147,-0.249,-0.985,1,Shallow,165,30,WestSide,48
118,Son0159,SV-M18-01,SON,6429813.000,1846206.000,38.231,-122.459,15.320,0.251,-0.097,-0.195,-0.929,1,Shallow,169,30,WestSide,5
119,Son0160,SV-M18-02,SON,6429756.001,1842776.296,38.221,-122.459,21.140,0.253,0.037,-0.048,-0.787,1,Shallow,175,27,WestSide,56
120,Son0161,SV-M18-03,SON,6430433.710,1844463.852,38.226,-122.457,12.430,0.170,-0.060,-0.156,-0.893,1,Shallow,172,29,WestSide,17
121,Son0162,SV-M18-05,SON,6430849.656,1843192.757,38.223,-122.455,13.107,0.118,-0.035,-0.130,-0.869,1,Shallow,175,29,WestSide,27
122,Son0164,SV-N12-01,SON,6434448.000,1876011.000,38.313,-122.443,334.240,3.970,-0.400,-0.423,-0.731,0,Deep,117,61,Highlands,17
123,Son0166,SV-N13-01,SON,6435459.000,1868756.000,38.293,-122.440,112.360,0.084,-0.456,-0.554,-0.955,1,Deep,131,58,CitySon,35
124,Son0167,SV-N13-02,SON,6435666.509,1867696.604,38.290,-122.439,103.380,0.164,-0.472,-0.579,-1.005,1,Deep,134,57,EastSide,79
125,Son0168,SV-N13-04,SON,6432918.944,1869354.577,38.294,-122.449,101.320,0.282,-0.473,-0.571,-0.988,1,Shallow,128,53,CitySon,12
126,Son0169,SV-N13-06,SON,6432780.000,1870825.000,38.298,-122.449,159.720,3.493,-0.461,-0.545,-0.936,1,Deep,126,54,CitySon,53
127,Son0170,SV-N13-07,SON,6432273.935,1870445.418,38.297,-122.451,194.940,1.219,-0.467,-0.557,-0.959,1,Deep,126,53,CitySon,10
128,Son0171,SV-N13-08,SON,6436398.000,1870473.000,38.298,-122.436,135.370,0.515,-0.412,-0.492,-0.835,1,Deep,129,61,CitySon,11
129,Son0172,SV-N13-09,SON,6436935.049,1869867.000,38.296,-122.435,132.640,0.387,-0.411,-0.497,-0.845,1,Deep,131,61,CitySon,8
130,Son0174,SV-N14-02,SON,6436599.131,1863818.070,38.279,-122.436,72.060,0.302,-0.531,-0.662,-1.173,1,Deep,141,56,EastSide,26
131,Son0175,SV-N14-03,SON,6434150.882,1867324.558,38.289,-122.444,94.670,0.371,-0.494,-0.607,-1.064,1,Shallow,133,54,EastSide,2
132,Son0176,SV-N15-02,SON,6432580.437,1861034.451,38.272,-122.450,46.160,0.543,-0.549,-0.689,-1.312,1,Shallow,143,46,SouthCent,289
133,Son0177,SV-N15-03,SON,6434207.214,1857650.731,38.262,-122.444,35.770,0.677,-0.543,-0.685,-1.353,1,Deep,151,47,SouthCent,48
134,Son0179,SV-N16-03,SON,6434979.987,1852293.251,38.248,-122.441,20.600,0.768,-0.475,-0.613,-1.344,1,Shallow,161,44,SouthCent,17
135,Son0180,SV-N16-05,SON,6436461.411,1856866.849,38.260,-122.436,30.920,0.296,-0.565,-0.710,-1.376,1,Deep,154,50,SouthCent,39
136,Son0183,SV-O11-01,SON,6440764.000,1879204.000,38.322,-122.421,1217.820,1.702,-0.137,-0.121,-0.158,0,Deep,116,76,Highlands,20
137,Son0184,SV-O11-02,SON,6440174.000,1878717.000,38.320,-122.423,1173.850,1.812,-0.168,-0.156,-0.227,0,Deep,117,74,Highlands,19
138,Son0185,SV-O11-03,SON,6441677.000,1879861.000,38.323,-122.418,1187.370,8.098,-0.091,-0.068,-0.055,0,Deep,116,78,Highlands,18
139,Son0186,SV-O12-01,SON,6438599.000,1877123.000,38.316,-122.429,730.710,4.780,-0.253,-0.259,-0.419,0,Deep,118,70,Highlands,7
140,Son0187,SV-O12-02,SON,6438294.000,1877841.000,38.318,-122.430,772.460,2.715,-0.251,-0.249,-0.404,0,Deep,117,70,Highlands,13
141,Son0188,SV-O14-01,SON,6437850.536,1865106.057,38.283,-122.431,91.270,0.059,-0.493,-0.614,-1.074,1,Deep,140,59,EastSide,133
142,Son0189,SV-O15-01,SON,6442039.000,1858063.000,38.264,-122.417,72.800,0.448,-0.580,-0.722,-1.320,1,Deep,156,61,EastSide,38
143,Son0191,SV-O17-01,SON,6441349.797,1850915.133,38.244,-122.419,23.710,0.075,-0.608,-0.761,-1.497,1,Shallow,169,54,SouthCent,23
144,Son0192,SV-P13-01,SON,6445096.747,1870949.808,38.299,-122.406,650.070,1.352,-0.191,-0.257,-0.424,0,Deep,135,77,Highlands,15
145,Son0193,SV-Q18-01,SON,6452890.166,1844054.400,38.225,-122.379,51.690,0.451,-0.876,-1.056,-1.871,1,Deep,191,70,EastSide,70
146,Son0201,382445122324901,SON,6404942.425,1912568.594,38.413,-122.547,410.000,0.396,-0.150,-0.137,-0.118,1,Shallow,27,36,Kenwood,1
147,Son0224,382056122300501,SON,6417838.817,1889283.341,38.349,-122.502,210.000,1.487,-0.048,-0.026,-0.173,0,Shallow,80,41,VOM,1
148,Son0235,381952122291201,SON,6421996.812,1882789.343,38.331,-122.487,263.000,1.366,-0.381,-0.389,-0.719,1,Shallow,95,44,Highlands,1
149,Son0265,381357122271801,SON,6430909.050,1846880.769,38.233,-122.455,10.000,0.279,-0.171,-0.278,-1.015,1,Shallow,168,32,WestSide,1
150,Son0267,381313122271601,SON,6431070.183,1842408.529,38.220,-122.455,10.000,0.213,-0.019,-0.113,-0.856,1,Shallow,177,29,WestSide,1
151,Son0277,381452122264801,SON,6433072.295,1852342.650,38.248,-122.448,18.261,0.309,-0.422,-0.554,-1.285,1,Shallow,160,40,SouthCent,156
152,Son0279,381509122264801,SON,6433398.156,1854090.468,38.252,-122.447,20.000,0.714,-0.470,-0.607,-1.324,1,Shallow,157,42,SouthCent,1
153,Son0286,381444122262101,SON,6435472.188,1851602.873,38.246,-122.439,10.000,0.480,-0.474,-0.613,-1.349,1,Shallow,163,44,SouthCent,1
154,Son0288,381700122261401,SON,6435847.238,1865277.660,38.283,-122.438,85.000,0.234,-0.514,-0.638,-1.127,1,Shallow,138,56,EastSide,246
155,Son0315,SV-MW2-52,SON,6427141.840,1858847.879,38.265,-122.469,45.200,0.238,-0.423,-0.549,-1.247,1,Shallow,143,35,SouthCent,107
156,Son0316,SV-MW2-100,SON,6427149.617,1858850.984,38.265,-122.468,45.430,0.250,-0.423,-0.549,-1.247,1,Shallow,143,35,SouthCent,116
157,Son0317,SV-MW2-220,SON,6427150.032,1858851.429,38.265,-122.468,45.420,0.251,-0.423,-0.549,-1.247,1,Deep,143,35,SouthCent,118
158,Son0318,SV-MW2-409,SON,6427149.700,1858851.375,38.265,-122.468,45.420,0.251,-0.423,-0.549,-1.247,1,Deep,143,35,SouthCent,93
159,Son0319,SV-MW2-480,SON,6427149.953,1858851.040,38.265,-122.468,45.410,0.250,-0.423,-0.549,-1.247,1,Deep,143,35,SouthCent,112
160,Son0320,SV-MW2-SW,SON,6427442.844,1858955.672,38.266,-122.467,23.070,4.952,-0.432,-0.559,-1.253,1,Shallow,143,35,SouthCent,24
161,Son0321,SV-MW1-95,SON,6434681.583,1855125.749,38.255,-122.442,22.830,0.568,-0.518,-0.659,-1.360,1,Shallow,156,45,SouthCent,119
162,Son0322,SV-MW1-233,SON,6434681.626,1855125.340,38.255,-122.442,22.830,0.569,-0.518,-0.659,-1.360,1,Deep,156,45,SouthCent,42
163,Son0323,SV-MW1-365,SON,6434681.929,1855125.604,38.255,-122.442,22.830,0.571,-0.518,-0.659,-1.360,1,Deep,156,45,SouthCent,39
164,Son0324,SV-MW1-455,SON,6434681.351,1855125.550,38.255,-122.442,22.830,0.566,-0.518,-0.659,-1.360,1,Deep,156,45,SouthCent,30
165,Son0328,SCWA_7th-Street,SON,6435207.610,1864220.467,38.280,-122.441,71.180,0.160,-0.535,-0.666,-1.190,1,Deep,140,54,EastSide,38
166,Son0331,SV-MON-92,SON,6420017.050,1871210.893,38.299,-122.494,118.300,0.288,-0.354,-0.433,-0.961,1,Shallow,115,31,AguaCal,69
167,Son0332,SCWA_K15-2,SON,6417633.000,1861723.000,38.273,-122.502,115.600,0.423,-0.134,-0.211,-0.882,1,Deep,130,19,WestSide,74
168,Son0333,SV-MON-1S,SON,6427939.068,1872071.526,38.302,-122.466,106.440,0.521,-0.470,-0.554,-0.963,1,Shallow,119,46,CitySon,24
169,Son0334,SV-MON-1D,SON,6427935.823,1872054.426,38.302,-122.466,106.060,0.508,-0.470,-0.555,-0.964,1,Shallow,119,46,CitySon,29
170,Son0335,SV-MON-2S,SON,6428373.167,1871713.493,38.301,-122.464,111.750,0.268,-0.471,-0.557,-0.968,1,Shallow,120,47,CitySon,29
171,Son0336,SV-MON-3S,SON,6427748.635,1871592.868,38.300,-122.467,101.470,0.333,-0.469,-0.558,-0.976,1,Shallow,120,46,CitySon,28
172,Son0339,SCWA_Verano_St_Piezo,SON,6423430.800,1872009.640,38.302,-122.482,99.476,0.475,-0.450,-0.538,-1.031,1,Shallow,116,38,AguaCal,102
173,Son0340,SCWA_Napa_St_Piezo,SON,6425190.688,1869143.743,38.294,-122.476,84.923,0.166,-0.451,-0.556,-1.057,1,Shallow,123,39,CitySon,101
174,Son0341,SCWA_SVHS-MW-01S,SON,6430863.884,1863803.482,38.279,-122.456,59.370,0.238,-0.530,-0.663,-1.239,1,Shallow,137,45,SouthCent,111
175,Son0342,SCWA_SVHS-MW-01D,SON,6430865.072,1863811.488,38.279,-122.456,59.350,0.246,-0.530,-0.663,-1.239,1,Shallow,137,45,SouthCent,107
176,Son0343,SCWA_SVHS-MW-02,SON,6430806.059,1864122.436,38.280,-122.456,61.510,0.109,-0.527,-0.660,-1.229,1,Shallow,136,45,SouthCent,52
177,Son0344,SCWA_CYMW-1a,SON,6421917.704,1871832.505,38.301,-122.487,99.920,0.242,-0.421,-0.506,-1.023,1,Shallow,115,35,AguaCal,90
178,Son0345,SCWA_CYMW-1b,SON,6421917.704,1871832.505,38.301,-122.487,99.920,0.242,-0.421,-0.506,-1.023,1,Deep,115,35,AguaCal,24
179,Son0347,SCWA_Adobe_Canyon-1,SON,6402613.413,1917685.826,38.427,-122.555,448.880,0.087,-0.330,-0.239,-0.254,1,Shallow,16,35,Kenwood,68
180,Son0348,SCWA_Fowler_Creek-1,SON,6417946.201,1866646.563,38.287,-122.501,182.800,0.310,-0.215,-0.289,-0.869,1,Shallow,122,24,AguaCal,85
181,Son0549,SCWA_FC_MW_2s_Old,SON,6420202.177,1866427.322,38.286,-122.493,117.000,1.769,-0.312,-0.403,-1.001,1,Shallow,124,28,AguaCal,7
182,Son0550,SCWA_FC-MW-2d_Old,SON,6420198.168,1866429.164,38.286,-122.493,117.000,1.734,-0.311,-0.403,-1.000,1,Shallow,124,28,AguaCal,8
183,Son0551,SV-J08-06_Arnold,SON,6411243.000,1894300.000,38.363,-122.525,234.910,1.467,0.161,0.174,0.107,1,Shallow,65,33,VOM,9
184,Son0552,SV-J10-02_Madrone,SON,6415853.000,1885987.000,38.340,-122.508,173.660,0.111,-0.027,-0.030,-0.213,1,Shallow,84,35,VOM,9
185,Son0553,SV-K11-02_StLeos,SON,6419716.000,1879858.000,38.323,-122.495,131.520,1.080,-0.379,-0.416,-0.822,1,Shallow,99,37,AguaCal,9
186,Son0554,SV-L14-02_Leveroni,SON,6425896.000,1863194.000,38.277,-122.473,61.960,0.366,-0.446,-0.570,-1.180,1,Shallow,134,36,SouthCent,9
187,Son0556,FC-MW-2s,SON,6420202.177,1866427.322,38.286,-122.493,117.000,1.769,-0.312,-0.403,-1.001,1,Shallow,124,28,AguaCal,65
188,Son0557,FC-MW-2d,SON,6420198.168,1866429.164,38.286,-122.493,117.000,1.734,-0.311,-0.403,-1.000,1,Shallow,124,28,AguaCal,57
189,Son0559,SVDMW-1-293,SON,6436446.804,1865930.888,38.285,-122.436,93.490,0.279,-0.495,-0.614,-1.076,1,Deep,137,57,EastSide,3
190,Son0560,SVDMW-1-435,SON,6436446.804,1865930.888,38.285,-122.436,93.350,0.279,-0.495,-0.614,-1.076,1,Deep,137,57,EastSide,3
191,Son0561,SVDMW-2-271,SON,6442281.672,1856258.564,38.259,-122.416,78.420,0.337,-0.602,-0.748,-1.387,1,Deep,160,60,EastSide,4
192,Son0562,SVDMW-2-375,SON,6442281.672,1856258.564,38.259,-122.416,78.280,0.337,-0.602,-0.748,-1.387,1,Deep,160,60,EastSide,4
193,Son0563,SVDMW-4-110,SON,6420502.971,1860731.894,38.271,-122.492,90.420,0.807,-0.262,-0.358,-1.079,1,Shallow,135,24,WestSide,4
194,Son0564,SVDMW-4-353,SON,6420502.971,1860731.894,38.271,-122.492,90.260,0.807,-0.262,-0.358,-1.079,1,Deep,135,24,WestSide,4
195,Son0565,SVDMW-4-465,SON,6420502.971,1860731.894,38.271,-122.492,90.140,0.807,-0.262,-0.358,-1.079,1,Deep,135,24,WestSide,4
196,WRM22-0063_2,WRM22-0063_2,SON,6433917.305,1822180.838,38.165,-122.444,3.061,2.404,0.279,0.164,-0.659,1,Deep,216,18,Bay,4
197,WRM23-0004_1,WRM23-0004_1,SON,6435502.621,1855690.211,38.257,-122.439,21.894,0.198,-0.540,-0.684,-1.374,1,Deep,156,47,SouthCent,4
198,WRM23-0005_1,WRM23-0005_1,SON,6435999.983,1854496.918,38.254,-122.438,24.052,0.415,-0.534,-0.678,-1.383,1,Deep,158,47,SouthCent,2
199,WRM23-0009_1,WRM23-0009_1,SON,6436318.554,1855788.874,38.257,-122.437,22.000,0.827,-0.554,-0.699,-1.384,1,Deep,156,49,SouthCent,1
