,Station,date,meas
0,Son0001,1975-12-31,372.9486
1,Son0002,1975-12-31,372.9553
2,Son0004,1975-12-31,432.91434
3,Son0005,1975-12-31,449.2411
4,Son0006,1975-12-31,445.31482
5,Son0007,1975-12-31,445.31482
6,Son0008,1975-12-31,427.68436
7,Son0009,1975-12-31,422.0663
8,Son0010,1975-12-31,403.1575
9,Son0011,1975-12-31,403.29404
10,Son0012,1975-12-31,413.38895
11,Son0014,1975-12-31,404.04773
12,Son0016,1975-12-31,404.33182
13,Son0017,1975-12-31,413.9003
14,Son0018,1975-12-31,505.8945
15,Son0021,1975-12-31,327.61392
16,Son0022,1975-12-31,405.63806
17,Son0023,1975-12-31,408.22635
18,Son0024,1975-12-31,405.05875
19,Son0025,1975-12-31,406.7108
20,Son0027,1975-12-31,403.64835
21,Son0028,1975-12-31,397.92227
22,Son0029,1975-12-31,385.9873
23,Son0030,1975-12-31,364.71008
24,Son0031,1975-12-31,350.464
25,Son0034,1975-12-31,358.65906
26,Son0036,1975-12-31,323.07498
27,Son0037,1975-12-31,359.59415
28,Son0038,1975-12-31,331.95523
29,Son0039,1975-12-31,296.91986
30,Son0040,1975-12-31,309.27667
31,Son0041,1975-12-31,313.8246
32,Son0042,1975-12-31,320.8174
33,Son0043,1975-12-31,302.4531
34,Son0044,1975-12-31,281.05133
35,Son0045,1975-12-31,278.60464
36,Son0046,1975-12-31,276.12503
37,Son0047,1975-12-31,387.1312
38,Son0048,1975-12-31,380.08902
39,Son0049,1975-12-31,333.39996
40,Son0050,1975-12-31,312.45325
41,Son0051,1975-12-31,309.1836
42,Son0052,1975-12-31,288.3427
43,Son0053,1975-12-31,320.18423
44,Son0054,1975-12-31,294.45392
45,Son0055,1975-12-31,276.44504
46,Son0056,1975-12-31,308.09036
47,Son0057,1975-12-31,271.35867
48,Son0058,1975-12-31,258.9407
49,Son0059,1975-12-31,254.59576
50,Son0060,1975-12-31,276.0826
51,Son0061,1975-12-31,162.88383
52,Son0062,1975-12-31,86.882416
53,Son0063,1975-12-31,70.00332
54,Son0064,1975-12-31,267.9547
55,Son0065,1975-12-31,47.009964
56,Son0066,1975-12-31,48.327816
57,Son0068,1975-12-31,47.009964
58,Son0069,1975-12-31,59.69978
59,Son0070,1975-12-31,42.95516
60,Son0074,1975-12-31,47.894276
61,Son0075,1975-12-31,47.918606
62,Son0076,1975-12-31,36.86987
63,Son0077,1975-12-31,45.790863
64,Son0078,1975-12-31,46.84634
65,Son0080,1975-12-31,44.09206
66,Son0081,1975-12-31,40.1549
67,Son0083,1975-12-31,45.668743
68,Son0084,1975-12-31,44.997837
69,Son0087,1975-12-31,45.16965
70,Son0088,1975-12-31,40.01568
71,Son0089,1975-12-31,39.78761
72,Son0091,1975-12-31,60.86011
73,Son0092,1975-12-31,49.153305
74,Son0093,1975-12-31,49.529232
75,Son0094,1975-12-31,62.69478
76,Son0095,1975-12-31,50.171093
77,Son0096,1975-12-31,89.78565
78,Son0099,1975-12-31,209.90157
79,Son0100,1975-12-31,197.47792
80,Son0101,1975-12-31,187.27002
81,Son0102,1975-12-31,195.41089
82,Son0103,1975-12-31,189.47502
83,Son0104,1975-12-31,197.47792
84,Son0105,1975-12-31,183.09068
85,Son0106,1975-12-31,187.19165
86,Son0107,1975-12-31,66.86285
87,Son0108,1975-12-31,83.13362
88,Son0111,1975-12-31,68.20707
89,Son0112,1975-12-31,66.01873
90,Son0113,1975-12-31,65.17199
91,Son0114,1975-12-31,62.415955
92,Son0115,1975-12-31,49.40581
93,Son0120,1975-12-31,30.132181
94,Son0123,1975-12-31,203.79482
95,Son0124,1975-12-31,189.15541
96,Son0125,1975-12-31,191.55812
97,Son0126,1975-12-31,67.43797
98,Son0127,1975-12-31,58.11707
99,Son0128,1975-12-31,68.22828
100,Son0129,1975-12-31,172.5893
101,Son0131,1975-12-31,46.08099
102,Son0132,1975-12-31,43.50262
103,Son0133,1975-12-31,43.50262
104,Son0134,1975-12-31,45.784756
105,Son0135,1975-12-31,45.40819
106,Son0136,1975-12-31,44.84312
107,Son0137,1975-12-31,42.823032
108,Son0138,1975-12-31,44.84312
109,Son0139,1975-12-31,55.835735
110,Son0145,1975-12-31,24.858438
111,Son0146,1975-12-31,26.343307
112,Son0147,1975-12-31,26.343307
113,Son0152,1975-12-31,27.11632
114,Son0154,1975-12-31,22.908567
115,Son0155,1975-12-31,22.605284
116,Son0157,1975-12-31,8.741857
117,Son0158,1975-12-31,8.741857
118,Son0159,1975-12-31,7.111444
119,Son0160,1975-12-31,11.264262
120,Son0161,1975-12-31,7.3186455
121,Son0162,1975-12-31,7.295011
122,Son0164,1975-12-31,192.60591
123,Son0166,1975-12-31,48.083572
124,Son0167,1975-12-31,31.949125
125,Son0168,1975-12-31,57.68271
126,Son0169,1975-12-31,78.46194
127,Son0170,1975-12-31,75.32439
128,Son0171,1975-12-31,67.56589
129,Son0172,1975-12-31,49.646072
130,Son0174,1975-12-31,11.377407
131,Son0175,1975-12-31,32.81416
132,Son0176,1975-12-31,20.566723
133,Son0177,1975-12-31,9.468352
134,Son0179,1975-12-31,6.3659625
135,Son0180,1975-12-31,4.276317
136,Son0183,1975-12-31,201.43315
137,Son0184,1975-12-31,200.15648
138,Son0185,1975-12-31,201.80804
139,Son0186,1975-12-31,197.74556
140,Son0187,1975-12-31,198.52345
141,Son0188,1975-12-31,23.940643
142,Son0189,1975-12-31,-3.4375098
143,Son0191,1975-12-31,-1.8616596
144,Son0192,1975-12-31,194.0804
145,Son0193,1975-12-31,-3.858371
146,Son0201,1975-12-31,386.37668
147,Son0224,1975-12-31,135.61601
148,Son0235,1975-12-31,209.90157
149,Son0265,1975-12-31,5.7666335
150,Son0267,1975-12-31,5.093114
151,Son0277,1975-12-31,4.7696996
152,Son0279,1975-12-31,12.075757
153,Son0286,1975-12-31,1.5695812
154,Son0288,1975-12-31,19.244919
155,Son0315,1975-12-31,17.554653
156,Son0316,1975-12-31,17.554653
157,Son0317,1975-12-31,17.23746
158,Son0318,1975-12-31,17.23746
159,Son0319,1975-12-31,17.23746
160,Son0320,1975-12-31,17.554653
161,Son0321,1975-12-31,9.144185
162,Son0322,1975-12-31,9.124335
163,Son0323,1975-12-31,9.124335
164,Son0324,1975-12-31,9.124335
165,Son0328,1975-12-31,11.203513
166,Son0331,1975-12-31,43.757854
167,Son0332,1975-12-31,72.26544
168,Son0333,1975-12-31,104.248146
169,Son0334,1975-12-31,104.248146
170,Son0335,1975-12-31,100.65527
171,Son0336,1975-12-31,90.21281
172,Son0339,1975-12-31,61.197525
173,Son0340,1975-12-31,49.87292
174,Son0341,1975-12-31,26.28787
175,Son0342,1975-12-31,26.28787
176,Son0343,1975-12-31,26.542398
177,Son0344,1975-12-31,51.99826
178,Son0345,1975-12-31,52.001057
179,Son0347,1975-12-31,402.84424
180,Son0348,1975-12-31,40.01568
181,Son0549,1975-12-31,32.2462
182,Son0550,1975-12-31,32.2462
183,Son0551,1975-12-31,215.63306
184,Son0552,1975-12-31,132.23225
185,Son0553,1975-12-31,47.66449
186,Son0554,1975-12-31,26.792984
187,Son0556,1975-12-31,32.2462
188,Son0557,1975-12-31,32.2462
189,Son0559,1975-12-31,23.666977
190,Son0560,1975-12-31,23.666977
191,Son0561,1975-12-31,-9.383582
192,Son0562,1975-12-31,-9.383582
193,Son0563,1975-12-31,43.44229
194,Son0564,1975-12-31,43.171154
195,Son0565,1975-12-31,43.171154
196,WRM22-0063_2,1975-12-31,-140.97511
197,WRM23-0004_1,1975-12-31,7.893584
198,WRM23-0005_1,1975-12-31,7.8377004
199,WRM23-0009_1,1975-12-31,5.3669257
200,Son0001,1985-12-31,292.8259
201,Son0002,1985-12-31,292.82947
202,Son0004,1985-12-31,414.7275
203,Son0005,1985-12-31,424.8392
204,Son0006,1985-12-31,427.28333
205,Son0007,1985-12-31,427.28333
206,Son0008,1985-12-31,418.90604
207,Son0009,1985-12-31,415.04156
208,Son0010,1985-12-31,403.51855
209,Son0011,1985-12-31,402.2332
210,Son0012,1985-12-31,407.47522
211,Son0014,1985-12-31,401.56232
212,Son0016,1985-12-31,402.8303
213,Son0017,1985-12-31,413.60553
214,Son0018,1985-12-31,507.59485
215,Son0021,1985-12-31,248.71635
216,Son0022,1985-12-31,397.9043
217,Son0023,1985-12-31,399.7461
218,Son0024,1985-12-31,399.06284
219,Son0025,1985-12-31,387.8411
220,Son0027,1985-12-31,403.97287
221,Son0028,1985-12-31,397.405
222,Son0029,1985-12-31,377.5001
223,Son0030,1985-12-31,364.91278
224,Son0031,1985-12-31,349.9153
225,Son0034,1985-12-31,356.77597
226,Son0036,1985-12-31,318.3
227,Son0037,1985-12-31,285.47537
228,Son0038,1985-12-31,338.77957
229,Son0039,1985-12-31,301.81552
230,Son0040,1985-12-31,256.45068
231,Son0041,1985-12-31,259.12564
232,Son0042,1985-12-31,263.20688
233,Son0043,1985-12-31,252.20505
234,Son0044,1985-12-31,238.62915
235,Son0045,1985-12-31,236.98149
236,Son0046,1985-12-31,235.23283
237,Son0047,1985-12-31,386.15793
238,Son0048,1985-12-31,379.5971
239,Son0049,1985-12-31,329.80762
240,Son0050,1985-12-31,313.70718
241,Son0051,1985-12-31,256.58008
242,Son0052,1985-12-31,243.69197
243,Son0053,1985-12-31,319.1703
244,Son0054,1985-12-31,293.687
245,Son0055,1985-12-31,274.22992
246,Son0056,1985-12-31,307.84796
247,Son0057,1985-12-31,271.4339
248,Son0058,1985-12-31,256.36737
249,Son0059,1985-12-31,259.63483
250,Son0060,1985-12-31,274.9136
251,Son0061,1985-12-31,162.71663
252,Son0062,1985-12-31,92.51022
253,Son0063,1985-12-31,76.7407
254,Son0064,1985-12-31,234.26633
255,Son0065,1985-12-31,54.915764
256,Son0066,1985-12-31,56.014256
257,Son0068,1985-12-31,54.915764
258,Son0069,1985-12-31,70.6212
259,Son0070,1985-12-31,51.382122
260,Son0074,1985-12-31,55.612045
261,Son0075,1985-12-31,57.348705
262,Son0076,1985-12-31,43.16742
263,Son0077,1985-12-31,53.883152
264,Son0078,1985-12-31,56.23139
265,Son0080,1985-12-31,51.26134
266,Son0081,1985-12-31,47.360027
267,Son0083,1985-12-31,52.71031
268,Son0084,1985-12-31,51.288956
269,Son0087,1985-12-31,51.880486
270,Son0088,1985-12-31,46.415073
271,Son0089,1985-12-31,45.494957
272,Son0091,1985-12-31,63.42712
273,Son0092,1985-12-31,54.118275
274,Son0093,1985-12-31,54.960938
275,Son0094,1985-12-31,65.361725
276,Son0095,1985-12-31,56.176212
277,Son0096,1985-12-31,85.88621
278,Son0099,1985-12-31,189.56856
279,Son0100,1985-12-31,182.88202
280,Son0101,1985-12-31,176.33025
281,Son0102,1985-12-31,181.57985
282,Son0103,1985-12-31,177.51366
283,Son0104,1985-12-31,182.88202
284,Son0105,1985-12-31,173.51234
285,Son0106,1985-12-31,175.5231
286,Son0107,1985-12-31,69.70195
287,Son0108,1985-12-31,82.43001
288,Son0111,1985-12-31,68.90419
289,Son0112,1985-12-31,65.4597
290,Son0113,1985-12-31,64.912506
291,Son0114,1985-12-31,61.977955
292,Son0115,1985-12-31,49.4376
293,Son0120,1985-12-31,30.11875
294,Son0123,1985-12-31,185.26923
295,Son0124,1985-12-31,176.66798
296,Son0125,1985-12-31,177.94672
297,Son0126,1985-12-31,61.060425
298,Son0127,1985-12-31,58.538986
299,Son0128,1985-12-31,68.20299
300,Son0129,1985-12-31,164.24878
301,Son0131,1985-12-31,45.700665
302,Son0132,1985-12-31,43.661186
303,Son0133,1985-12-31,43.661186
304,Son0134,1985-12-31,46.29348
305,Son0135,1985-12-31,46.052036
306,Son0136,1985-12-31,46.145065
307,Son0137,1985-12-31,43.815834
308,Son0138,1985-12-31,46.145065
309,Son0139,1985-12-31,58.823093
310,Son0145,1985-12-31,27.368214
311,Son0146,1985-12-31,26.356667
312,Son0147,1985-12-31,26.356667
313,Son0152,1985-12-31,25.243486
314,Son0154,1985-12-31,21.601439
315,Son0155,1985-12-31,22.181986
316,Son0157,1985-12-31,7.3492255
317,Son0158,1985-12-31,7.3492255
318,Son0159,1985-12-31,5.7901306
319,Son0160,1985-12-31,7.4710965
320,Son0161,1985-12-31,5.5651317
321,Son0162,1985-12-31,4.976991
322,Son0164,1985-12-31,178.2668
323,Son0166,1985-12-31,57.009296
324,Son0167,1985-12-31,37.850143
325,Son0168,1985-12-31,61.472572
326,Son0169,1985-12-31,81.46676
327,Son0170,1985-12-31,77.491295
328,Son0171,1985-12-31,78.180466
329,Son0172,1985-12-31,61.908527
330,Son0174,1985-12-31,12.589935
331,Son0175,1985-12-31,36.00283
332,Son0176,1985-12-31,20.499992
333,Son0177,1985-12-31,6.061922
334,Son0179,1985-12-31,4.8935413
335,Son0180,1985-12-31,2.2528892
336,Son0183,1985-12-31,183.70271
337,Son0184,1985-12-31,182.96039
338,Son0185,1985-12-31,183.9345
339,Son0186,1985-12-31,181.5202
340,Son0187,1985-12-31,181.95729
341,Son0188,1985-12-31,27.230768
342,Son0189,1985-12-31,1.939426
343,Son0191,1985-12-31,-1.445848
344,Son0192,1985-12-31,179.68999
345,Son0193,1985-12-31,-14.201062
346,Son0201,1985-12-31,376.1789
347,Son0224,1985-12-31,132.45045
348,Son0235,1985-12-31,189.56856
349,Son0265,1985-12-31,4.631876
350,Son0267,1985-12-31,4.1254687
351,Son0277,1985-12-31,2.8874745
352,Son0279,1985-12-31,7.91071
353,Son0286,1985-12-31,0.3588393
354,Son0288,1985-12-31,21.980991
355,Son0315,1985-12-31,16.339968
356,Son0316,1985-12-31,16.339968
357,Son0317,1985-12-31,16.10629
358,Son0318,1985-12-31,16.10629
359,Son0319,1985-12-31,16.10629
360,Son0320,1985-12-31,16.339968
361,Son0321,1985-12-31,5.7074323
362,Son0322,1985-12-31,5.690021
363,Son0323,1985-12-31,5.690021
364,Son0324,1985-12-31,5.690021
365,Son0328,1985-12-31,12.550083
366,Son0331,1985-12-31,51.84052
367,Son0332,1985-12-31,71.97564
368,Son0333,1985-12-31,102.16237
369,Son0334,1985-12-31,102.16237
370,Son0335,1985-12-31,98.5364
371,Son0336,1985-12-31,89.62598
372,Son0339,1985-12-31,62.71474
373,Son0340,1985-12-31,48.479324
374,Son0341,1985-12-31,27.629272
375,Son0342,1985-12-31,27.629272
376,Son0343,1985-12-31,28.095686
377,Son0344,1985-12-31,57.243538
378,Son0345,1985-12-31,57.246593
379,Son0347,1985-12-31,388.83588
380,Son0348,1985-12-31,46.415073
381,Son0549,1985-12-31,37.966263
382,Son0550,1985-12-31,37.966263
383,Son0551,1985-12-31,216.48344
384,Son0552,1985-12-31,143.58203
385,Son0553,1985-12-31,60.408657
386,Son0554,1985-12-31,26.561167
387,Son0556,1985-12-31,37.966263
388,Son0557,1985-12-31,37.966263
389,Son0559,1985-12-31,27.43053
390,Son0560,1985-12-31,27.43053
391,Son0561,1985-12-31,-6.8966274
392,Son0562,1985-12-31,-6.8966274
393,Son0563,1985-12-31,50.183743
394,Son0564,1985-12-31,50.114853
395,Son0565,1985-12-31,50.114853
396,WRM22-0063_2,1985-12-31,-245.22015
397,WRM23-0004_1,1985-12-31,5.342872
398,WRM23-0005_1,1985-12-31,5.974789
399,WRM23-0009_1,1985-12-31,3.6090825
400,Son0001,1995-12-31,218.152
401,Son0002,1995-12-31,218.15411
402,Son0004,1995-12-31,382.9561
403,Son0005,1995-12-31,382.5109
404,Son0006,1995-12-31,392.36203
405,Son0007,1995-12-31,392.36203
406,Son0008,1995-12-31,398.8646
407,Son0009,1995-12-31,400.41833
408,Son0010,1995-12-31,399.38983
409,Son0011,1995-12-31,396.76038
410,Son0012,1995-12-31,391.0756
411,Son0014,1995-12-31,392.83398
412,Son0016,1995-12-31,397.04633
413,Son0017,1995-12-31,408.47412
414,Son0018,1995-12-31,509.81824
415,Son0021,1995-12-31,200.34451
416,Son0022,1995-12-31,385.0616
417,Son0023,1995-12-31,380.6286
418,Son0024,1995-12-31,382.37003
419,Son0025,1995-12-31,356.83755
420,Son0027,1995-12-31,399.3654
421,Son0028,1995-12-31,393.23578
422,Son0029,1995-12-31,353.34933
423,Son0030,1995-12-31,364.99814
424,Son0031,1995-12-31,349.109
425,Son0034,1995-12-31,352.97406
426,Son0036,1995-12-31,314.84714
427,Son0037,1995-12-31,213.88936
428,Son0038,1995-12-31,326.395
429,Son0039,1995-12-31,305.3589
430,Son0040,1995-12-31,195.98643
431,Son0041,1995-12-31,197.66579
432,Son0042,1995-12-31,200.21436
433,Son0043,1995-12-31,193.24095
434,Son0044,1995-12-31,184.37033
435,Son0045,1995-12-31,183.26022
436,Son0046,1995-12-31,182.05324
437,Son0047,1995-12-31,385.30356
438,Son0048,1995-12-31,379.18588
439,Son0049,1995-12-31,326.54892
440,Son0050,1995-12-31,315.42767
441,Son0051,1995-12-31,196.13152
442,Son0052,1995-12-31,187.82712
443,Son0053,1995-12-31,319.2178
444,Son0054,1995-12-31,287.23993
445,Son0055,1995-12-31,275.57846
446,Son0056,1995-12-31,306.5528
447,Son0057,1995-12-31,271.4759
448,Son0058,1995-12-31,257.52893
449,Son0059,1995-12-31,260.55334
450,Son0060,1995-12-31,275.78336
451,Son0061,1995-12-31,166.75856
452,Son0062,1995-12-31,95.228836
453,Son0063,1995-12-31,81.32527
454,Son0064,1995-12-31,182.85764
455,Son0065,1995-12-31,61.225418
456,Son0066,1995-12-31,61.961357
457,Son0068,1995-12-31,61.225418
458,Son0069,1995-12-31,82.93968
459,Son0070,1995-12-31,59.007835
460,Son0074,1995-12-31,65.25664
461,Son0075,1995-12-31,67.056015
462,Son0076,1995-12-31,50.90105
463,Son0077,1995-12-31,60.539833
464,Son0078,1995-12-31,65.82179
465,Son0080,1995-12-31,60.007435
466,Son0081,1995-12-31,54.035564
467,Son0083,1995-12-31,58.346718
468,Son0084,1995-12-31,56.434288
469,Son0087,1995-12-31,57.304375
470,Son0088,1995-12-31,52.277203
471,Son0089,1995-12-31,39.89072
472,Son0091,1995-12-31,59.474026
473,Son0092,1995-12-31,52.054844
474,Son0093,1995-12-31,52.169945
475,Son0094,1995-12-31,60.731857
476,Son0095,1995-12-31,51.863903
477,Son0096,1995-12-31,75.47429
478,Son0099,1995-12-31,172.19208
479,Son0100,1995-12-31,169.3134
480,Son0101,1995-12-31,165.8078
481,Son0102,1995-12-31,168.64154
482,Son0103,1995-12-31,166.2811
483,Son0104,1995-12-31,169.3134
484,Son0105,1995-12-31,164.02936
485,Son0106,1995-12-31,164.62363
486,Son0107,1995-12-31,78.017136
487,Son0108,1995-12-31,86.877846
488,Son0111,1995-12-31,73.56334
489,Son0112,1995-12-31,66.87576
490,Son0113,1995-12-31,67.076294
491,Son0114,1995-12-31,63.541508
492,Son0115,1995-12-31,50.631554
493,Son0120,1995-12-31,31.391842
494,Son0123,1995-12-31,169.68953
495,Son0124,1995-12-31,165.21338
496,Son0125,1995-12-31,165.75409
497,Son0126,1995-12-31,41.4773
498,Son0127,1995-12-31,54.07436
499,Son0128,1995-12-31,62.173626
500,Son0129,1995-12-31,156.39868
501,Son0131,1995-12-31,47.390137
502,Son0132,1995-12-31,44.679844
503,Son0133,1995-12-31,44.679844
504,Son0134,1995-12-31,45.17228
505,Son0135,1995-12-31,43.965717
506,Son0136,1995-12-31,46.233803
507,Son0137,1995-12-31,44.26559
508,Son0138,1995-12-31,46.233803
509,Son0139,1995-12-31,58.366653
510,Son0145,1995-12-31,28.677248
511,Son0146,1995-12-31,25.46659
512,Son0147,1995-12-31,25.46659
513,Son0152,1995-12-31,21.354744
514,Son0154,1995-12-31,20.373571
515,Son0155,1995-12-31,18.909124
516,Son0157,1995-12-31,4.4920654
517,Son0158,1995-12-31,4.4920654
518,Son0159,1995-12-31,3.7525954
519,Son0160,1995-12-31,5.4816
520,Son0161,1995-12-31,3.8477461
521,Son0162,1995-12-31,3.7912068
522,Son0164,1995-12-31,165.58507
523,Son0166,1995-12-31,62.326973
524,Son0167,1995-12-31,42.252163
525,Son0168,1995-12-31,61.588284
526,Son0169,1995-12-31,76.88453
527,Son0170,1995-12-31,74.48222
528,Son0171,1995-12-31,84.317085
529,Son0172,1995-12-31,71.13225
530,Son0174,1995-12-31,12.4103985
531,Son0175,1995-12-31,34.749374
532,Son0176,1995-12-31,17.325756
533,Son0177,1995-12-31,1.5066612
534,Son0179,1995-12-31,6.594102
535,Son0180,1995-12-31,0.24848205
536,Son0183,1995-12-31,168.4047
537,Son0184,1995-12-31,168.02422
538,Son0185,1995-12-31,168.51732
539,Son0186,1995-12-31,167.29916
540,Son0187,1995-12-31,167.52765
541,Son0188,1995-12-31,26.861286
542,Son0189,1995-12-31,-5.89615
543,Son0191,1995-12-31,-0.0782279
544,Son0192,1995-12-31,165.90431
545,Son0193,1995-12-31,-55.93921
546,Son0201,1995-12-31,352.76834
547,Son0224,1995-12-31,145.96468
548,Son0235,1995-12-31,172.19208
549,Son0265,1995-12-31,2.732004
550,Son0267,1995-12-31,3.6688225
551,Son0277,1995-12-31,2.8475764
552,Son0279,1995-12-31,5.4311857
553,Son0286,1995-12-31,4.9435577
554,Son0288,1995-12-31,24.362324
555,Son0315,1995-12-31,13.665508
556,Son0316,1995-12-31,13.665508
557,Son0317,1995-12-31,13.429351
558,Son0318,1995-12-31,13.429351
559,Son0319,1995-12-31,13.429351
560,Son0320,1995-12-31,13.665508
561,Son0321,1995-12-31,2.9601142
562,Son0322,1995-12-31,2.9441392
563,Son0323,1995-12-31,2.9441392
564,Son0324,1995-12-31,2.9441392
565,Son0328,1995-12-31,13.673833
566,Son0331,1995-12-31,60.84395
567,Son0332,1995-12-31,66.29489
568,Son0333,1995-12-31,99.65293
569,Son0334,1995-12-31,99.65293
570,Son0335,1995-12-31,96.028694
571,Son0336,1995-12-31,87.64375
572,Son0339,1995-12-31,68.75041
573,Son0340,1995-12-31,52.21395
574,Son0341,1995-12-31,27.73837
575,Son0342,1995-12-31,27.73837
576,Son0343,1995-12-31,28.596128
577,Son0344,1995-12-31,65.616005
578,Son0345,1995-12-31,65.61987
579,Son0347,1995-12-31,363.3794
580,Son0348,1995-12-31,52.277203
581,Son0549,1995-12-31,43.854965
582,Son0550,1995-12-31,43.854965
583,Son0551,1995-12-31,218.69765
584,Son0552,1995-12-31,154.91904
585,Son0553,1995-12-31,79.09163
586,Son0554,1995-12-31,25.972563
587,Son0556,1995-12-31,43.854965
588,Son0557,1995-12-31,43.854965
589,Son0559,1995-12-31,30.992573
590,Son0560,1995-12-31,30.992573
591,Son0561,1995-12-31,-31.025663
592,Son0562,1995-12-31,-31.025663
593,Son0563,1995-12-31,46.81786
594,Son0564,1995-12-31,47.036884
595,Son0565,1995-12-31,47.036884
596,WRM22-0063_2,1995-12-31,-430.10455
597,WRM23-0004_1,1995-12-31,3.058716
598,WRM23-0005_1,1995-12-31,4.787852
599,WRM23-0009_1,1995-12-31,1.9564815
600,Son0001,2005-12-31,179.97722
601,Son0002,2005-12-31,179.97884
602,Son0004,2005-12-31,358.2885
603,Son0005,2005-12-31,352.32776
604,Son0006,2005-12-31,363.74875
605,Son0007,2005-12-31,363.74875
606,Son0008,2005-12-31,378.60022
607,Son0009,2005-12-31,382.06464
608,Son0010,2005-12-31,383.30698
609,Son0011,2005-12-31,380.21094
610,Son0012,2005-12-31,371.47684
611,Son0014,2005-12-31,374.0875
612,Son0016,2005-12-31,382.1132
613,Son0017,2005-12-31,396.25644
614,Son0018,2005-12-31,509.92807
615,Son0021,2005-12-31,193.21283
616,Son0022,2005-12-31,369.66113
617,Son0023,2005-12-31,362.39655
618,Son0024,2005-12-31,364.40665
619,Son0025,2005-12-31,339.30334
620,Son0027,2005-12-31,383.526
621,Son0028,2005-12-31,377.61557
622,Son0029,2005-12-31,334.48096
623,Son0030,2005-12-31,364.9008
624,Son0031,2005-12-31,348.6539
625,Son0034,2005-12-31,354.22162
626,Son0036,2005-12-31,313.54196
627,Son0037,2005-12-31,176.54378
628,Son0038,2005-12-31,303.23016
629,Son0039,2005-12-31,305.61124
630,Son0040,2005-12-31,162.87137
631,Son0041,2005-12-31,164.16737
632,Son0042,2005-12-31,166.12245
633,Son0043,2005-12-31,160.73227
634,Son0044,2005-12-31,153.77646
635,Son0045,2005-12-31,152.89938
636,Son0046,2005-12-31,151.94357
637,Son0047,2005-12-31,384.1052
638,Son0048,2005-12-31,378.28864
639,Son0049,2005-12-31,323.40012
640,Son0050,2005-12-31,314.10434
641,Son0051,2005-12-31,162.99808
642,Son0052,2005-12-31,156.50589
643,Son0053,2005-12-31,318.4626
644,Son0054,2005-12-31,282.63074
645,Son0055,2005-12-31,277.92722
646,Son0056,2005-12-31,307.46872
647,Son0057,2005-12-31,271.4313
648,Son0058,2005-12-31,259.65973
649,Son0059,2005-12-31,259.42035
650,Son0060,2005-12-31,275.45157
651,Son0061,2005-12-31,169.2359
652,Son0062,2005-12-31,94.711426
653,Son0063,2005-12-31,81.54622
654,Son0064,2005-12-31,152.63272
655,Son0065,2005-12-31,62.266228
656,Son0066,2005-12-31,62.765144
657,Son0068,2005-12-31,62.266228
658,Son0069,2005-12-31,88.288315
659,Son0070,2005-12-31,60.960487
660,Son0074,2005-12-31,68.724625
661,Son0075,2005-12-31,69.65817
662,Son0076,2005-12-31,53.143456
663,Son0077,2005-12-31,61.834446
664,Son0078,2005-12-31,68.27549
665,Son0080,2005-12-31,63.238613
666,Son0081,2005-12-31,54.867138
667,Son0083,2005-12-31,58.476604
668,Son0084,2005-12-31,55.732307
669,Son0087,2005-12-31,57.06322
670,Son0088,2005-12-31,52.11174
671,Son0089,2005-12-31,32.472996
672,Son0091,2005-12-31,51.84512
673,Son0092,2005-12-31,44.083355
674,Son0093,2005-12-31,42.43508
675,Son0094,2005-12-31,51.49114
676,Son0095,2005-12-31,41.751575
677,Son0096,2005-12-31,63.21831
678,Son0099,2005-12-31,170.03192
679,Son0100,2005-12-31,167.59229
680,Son0101,2005-12-31,164.49202
681,Son0102,2005-12-31,167.00244
682,Son0103,2005-12-31,164.89806
683,Son0104,2005-12-31,167.59229
684,Son0105,2005-12-31,162.89322
685,Son0106,2005-12-31,163.37598
686,Son0107,2005-12-31,83.27596
687,Son0108,2005-12-31,90.82003
688,Son0111,2005-12-31,77.647896
689,Son0112,2005-12-31,66.54046
690,Son0113,2005-12-31,68.438065
691,Son0114,2005-12-31,64.06506
692,Son0115,2005-12-31,50.51272
693,Son0120,2005-12-31,28.17315
694,Son0123,2005-12-31,167.85703
695,Son0124,2005-12-31,163.90349
696,Son0125,2005-12-31,164.37657
697,Son0126,2005-12-31,45.476727
698,Son0127,2005-12-31,47.944973
699,Son0128,2005-12-31,54.015984
700,Son0129,2005-12-31,155.56815
701,Son0131,2005-12-31,47.112846
702,Son0132,2005-12-31,43.94457
703,Son0133,2005-12-31,43.94457
704,Son0134,2005-12-31,41.999584
705,Son0135,2005-12-31,41.825993
706,Son0136,2005-12-31,42.827053
707,Son0137,2005-12-31,41.28269
708,Son0138,2005-12-31,42.827053
709,Son0139,2005-12-31,50.246708
710,Son0145,2005-12-31,27.62964
711,Son0146,2005-12-31,24.896027
712,Son0147,2005-12-31,24.896027
713,Son0152,2005-12-31,22.068796
714,Son0154,2005-12-31,20.899607
715,Son0155,2005-12-31,18.676413
716,Son0157,2005-12-31,-1.322306
717,Son0158,2005-12-31,-1.322306
718,Son0159,2005-12-31,-3.3256347
719,Son0160,2005-12-31,-5.4890504
720,Son0161,2005-12-31,-5.4611993
721,Son0162,2005-12-31,-10.070438
722,Son0164,2005-12-31,164.26248
723,Son0166,2005-12-31,61.14441
724,Son0167,2005-12-31,43.286686
725,Son0168,2005-12-31,51.980385
726,Son0169,2005-12-31,47.907463
727,Son0170,2005-12-31,56.922226
728,Son0171,2005-12-31,82.432274
729,Son0172,2005-12-31,70.373886
730,Son0174,2005-12-31,10.005449
731,Son0175,2005-12-31,38.460865
732,Son0176,2005-12-31,16.768652
733,Son0177,2005-12-31,-4.0269065
734,Son0179,2005-12-31,4.9191504
735,Son0180,2005-12-31,-4.6038084
736,Son0183,2005-12-31,166.87825
737,Son0184,2005-12-31,166.53629
738,Son0185,2005-12-31,166.98436
739,Son0186,2005-12-31,165.8746
740,Son0187,2005-12-31,166.07437
741,Son0188,2005-12-31,23.814486
742,Son0189,2005-12-31,-12.945766
743,Son0191,2005-12-31,-6.271553
744,Son0192,2005-12-31,164.60625
745,Son0193,2005-12-31,-91.34777
746,Son0201,2005-12-31,334.30792
747,Son0224,2005-12-31,141.34843
748,Son0235,2005-12-31,170.03192
749,Son0265,2005-12-31,-2.452869
750,Son0267,2005-12-31,-15.007699
751,Son0277,2005-12-31,2.8963687
752,Son0279,2005-12-31,7.8613563
753,Son0286,2005-12-31,2.2842207
754,Son0288,2005-12-31,24.406553
755,Son0315,2005-12-31,13.42835
756,Son0316,2005-12-31,13.42835
757,Son0317,2005-12-31,13.192645
758,Son0318,2005-12-31,13.192645
759,Son0319,2005-12-31,13.192645
760,Son0320,2005-12-31,13.42835
761,Son0321,2005-12-31,3.878363
762,Son0322,2005-12-31,3.866969
763,Son0323,2005-12-31,3.866969
764,Son0324,2005-12-31,3.866969
765,Son0328,2005-12-31,12.623902
766,Son0331,2005-12-31,63.46149
767,Son0332,2005-12-31,58.130188
768,Son0333,2005-12-31,89.31324
769,Son0334,2005-12-31,89.31324
770,Son0335,2005-12-31,91.35775
771,Son0336,2005-12-31,81.85559
772,Son0339,2005-12-31,74.56301
773,Son0340,2005-12-31,54.007694
774,Son0341,2005-12-31,26.92916
775,Son0342,2005-12-31,26.92916
776,Son0343,2005-12-31,27.623522
777,Son0344,2005-12-31,70.294235
778,Son0345,2005-12-31,70.29931
779,Son0347,2005-12-31,350.29865
780,Son0348,2005-12-31,52.11174
781,Son0549,2005-12-31,43.380672
782,Son0550,2005-12-31,43.380672
783,Son0551,2005-12-31,219.83342
784,Son0552,2005-12-31,158.12737
785,Son0553,2005-12-31,88.742165
786,Son0554,2005-12-31,25.83647
787,Son0556,2005-12-31,43.380672
788,Son0557,2005-12-31,43.380672
789,Son0559,2005-12-31,31.49549
790,Son0560,2005-12-31,31.49549
791,Son0561,2005-12-31,-14.939133
792,Son0562,2005-12-31,-14.939133
793,Son0563,2005-12-31,37.173466
794,Son0564,2005-12-31,37.263844
795,Son0565,2005-12-31,37.263844
796,WRM22-0063_2,2005-12-31,-616.0868
797,WRM23-0004_1,2005-12-31,1.7074138
798,WRM23-0005_1,2005-12-31,2.6463652
799,WRM23-0009_1,2005-12-31,-1.5060223
800,Son0001,2015-12-31,152.14442
801,Son0002,2015-12-31,152.14581
802,Son0004,2015-12-31,340.92172
803,Son0005,2015-12-31,332.84262
804,Son0006,2015-12-31,343.94427
805,Son0007,2015-12-31,343.94427
806,Son0008,2015-12-31,362.3614
807,Son0009,2015-12-31,366.01282
808,Son0010,2015-12-31,369.2186
809,Son0011,2015-12-31,364.62308
810,Son0012,2015-12-31,355.4701
811,Son0014,2015-12-31,357.07635
812,Son0016,2015-12-31,367.4502
813,Son0017,2015-12-31,383.80026
814,Son0018,2015-12-31,507.8814
815,Son0021,2015-12-31,188.13719
816,Son0022,2015-12-31,354.46497
817,Son0023,2015-12-31,347.78793
818,Son0024,2015-12-31,349.65225
819,Son0025,2015-12-31,327.80774
820,Son0027,2015-12-31,368.93503
821,Son0028,2015-12-31,361.7515
822,Son0029,2015-12-31,323.96262
823,Son0030,2015-12-31,364.3807
824,Son0031,2015-12-31,348.60764
825,Son0034,2015-12-31,358.34967
826,Son0036,2015-12-31,312.86713
827,Son0037,2015-12-31,149.30989
828,Son0038,2015-12-31,279.84775
829,Son0039,2015-12-31,304.29282
830,Son0040,2015-12-31,137.72823
831,Son0041,2015-12-31,138.83075
832,Son0042,2015-12-31,140.49345
833,Son0043,2015-12-31,135.90744
834,Son0044,2015-12-31,129.99974
835,Son0045,2015-12-31,129.25597
836,Son0046,2015-12-31,128.446
837,Son0047,2015-12-31,382.10574
838,Son0048,2015-12-31,376.0541
839,Son0049,2015-12-31,318.31088
840,Son0050,2015-12-31,310.70718
841,Son0051,2015-12-31,137.84099
842,Son0052,2015-12-31,132.31528
843,Son0053,2015-12-31,316.85306
844,Son0054,2015-12-31,278.64908
845,Son0055,2015-12-31,279.98123
846,Son0056,2015-12-31,309.21164
847,Son0057,2015-12-31,271.3898
848,Son0058,2015-12-31,259.94254
849,Son0059,2015-12-31,251.92917
850,Son0060,2015-12-31,274.0689
851,Son0061,2015-12-31,168.62067
852,Son0062,2015-12-31,91.118996
853,Son0063,2015-12-31,77.76187
854,Son0064,2015-12-31,129.01996
855,Son0065,2015-12-31,57.54623
856,Son0066,2015-12-31,57.832127
857,Son0068,2015-12-31,57.54623
858,Son0069,2015-12-31,88.187874
859,Son0070,2015-12-31,57.267143
860,Son0074,2015-12-31,67.13317
861,Son0075,2015-12-31,66.93026
862,Son0076,2015-12-31,51.262527
863,Son0077,2015-12-31,57.359085
864,Son0078,2015-12-31,65.43311
865,Son0080,2015-12-31,61.25001
866,Son0081,2015-12-31,50.678352
867,Son0083,2015-12-31,53.11332
868,Son0084,2015-12-31,49.80035
869,Son0087,2015-12-31,51.44241
870,Son0088,2015-12-31,47.20994
871,Son0089,2015-12-31,24.185272
872,Son0091,2015-12-31,40.69026
873,Son0092,2015-12-31,34.12306
874,Son0093,2015-12-31,31.424984
875,Son0094,2015-12-31,39.35754
876,Son0095,2015-12-31,30.448591
877,Son0096,2015-12-31,48.614082
878,Son0099,2015-12-31,167.32018
879,Son0100,2015-12-31,165.24039
880,Son0101,2015-12-31,162.57986
881,Son0102,2015-12-31,164.73836
882,Son0103,2015-12-31,162.90265
883,Son0104,2015-12-31,165.24039
884,Son0105,2015-12-31,161.1734
885,Son0106,2015-12-31,161.41579
886,Son0107,2015-12-31,84.769264
887,Son0108,2015-12-31,92.77455
888,Son0111,2015-12-31,79.65823
889,Son0112,2015-12-31,70.57981
890,Son0113,2015-12-31,70.999466
891,Son0114,2015-12-31,66.58846
892,Son0115,2015-12-31,58.372475
893,Son0120,2015-12-31,31.349817
894,Son0123,2015-12-31,165.33543
895,Son0124,2015-12-31,161.87163
896,Son0125,2015-12-31,162.23932
897,Son0126,2015-12-31,60.521057
898,Son0127,2015-12-31,51.361008
899,Son0128,2015-12-31,57.25207
900,Son0129,2015-12-31,154.10336
901,Son0131,2015-12-31,54.58161
902,Son0132,2015-12-31,51.99915
903,Son0133,2015-12-31,51.99915
904,Son0134,2015-12-31,48.016148
905,Son0135,2015-12-31,50.65893
906,Son0136,2015-12-31,46.431705
907,Son0137,2015-12-31,45.44681
908,Son0138,2015-12-31,46.431705
909,Son0139,2015-12-31,51.701885
910,Son0145,2015-12-31,28.347107
911,Son0146,2015-12-31,25.68258
912,Son0147,2015-12-31,25.68258
913,Son0152,2015-12-31,23.418388
914,Son0154,2015-12-31,22.126925
915,Son0155,2015-12-31,19.948328
916,Son0157,2015-12-31,-13.672375
917,Son0158,2015-12-31,-13.672375
918,Son0159,2015-12-31,-18.961063
919,Son0160,2015-12-31,-29.358156
920,Son0161,2015-12-31,-25.043285
921,Son0162,2015-12-31,-34.826466
922,Son0164,2015-12-31,161.93073
923,Son0166,2015-12-31,62.836422
924,Son0167,2015-12-31,45.097645
925,Son0168,2015-12-31,53.1187
926,Son0169,2015-12-31,51.06981
927,Son0170,2015-12-31,58.400646
928,Son0171,2015-12-31,83.40473
929,Son0172,2015-12-31,71.073875
930,Son0174,2015-12-31,10.449309
931,Son0175,2015-12-31,42.88754
932,Son0176,2015-12-31,17.954512
933,Son0177,2015-12-31,-7.7808194
934,Son0179,2015-12-31,-1.0327066
935,Son0180,2015-12-31,-11.007161
936,Son0183,2015-12-31,164.0839
937,Son0184,2015-12-31,163.78348
938,Son0185,2015-12-31,164.1661
939,Son0186,2015-12-31,163.22824
940,Son0187,2015-12-31,163.41579
941,Son0188,2015-12-31,23.195072
942,Son0189,2015-12-31,-1.338348
943,Son0191,2015-12-31,-17.590559
944,Son0192,2015-12-31,161.70149
945,Son0193,2015-12-31,-118.10294
946,Son0201,2015-12-31,322.52203
947,Son0224,2015-12-31,132.20316
948,Son0235,2015-12-31,167.32018
949,Son0265,2015-12-31,-15.679225
950,Son0267,2015-12-31,-43.43496
951,Son0277,2015-12-31,-1.7958
952,Son0279,2015-12-31,5.222015
953,Son0286,2015-12-31,-4.9667335
954,Son0288,2015-12-31,24.649977
955,Son0315,2015-12-31,14.022693
956,Son0316,2015-12-31,14.022693
957,Son0317,2015-12-31,13.811038
958,Son0318,2015-12-31,13.811038
959,Son0319,2015-12-31,13.811038
960,Son0320,2015-12-31,14.022693
961,Son0321,2015-12-31,1.0997646
962,Son0322,2015-12-31,1.094937
963,Son0323,2015-12-31,1.094937
964,Son0324,2015-12-31,1.094937
965,Son0328,2015-12-31,12.960026
966,Son0331,2015-12-31,60.620407
967,Son0332,2015-12-31,46.129105
968,Son0333,2015-12-31,99.96974
969,Son0334,2015-12-31,99.96974
970,Son0335,2015-12-31,102.399216
971,Son0336,2015-12-31,93.46982
972,Son0339,2015-12-31,75.73561
973,Son0340,2015-12-31,56.742313
974,Son0341,2015-12-31,27.825026
975,Son0342,2015-12-31,27.825026
976,Son0343,2015-12-31,28.428167
977,Son0344,2015-12-31,69.84937
978,Son0345,2015-12-31,69.85562
979,Son0347,2015-12-31,339.87372
980,Son0348,2015-12-31,47.20994
981,Son0549,2015-12-31,40.696915
982,Son0550,2015-12-31,40.696915
983,Son0551,2015-12-31,219.96463
984,Son0552,2015-12-31,155.82376
985,Son0553,2015-12-31,91.29563
986,Son0554,2015-12-31,27.134731
987,Son0556,2015-12-31,40.696915
988,Son0557,2015-12-31,40.696915
989,Son0559,2015-12-31,31.763458
990,Son0560,2015-12-31,31.763458
991,Son0561,2015-12-31,-6.0560403
992,Son0562,2015-12-31,-6.0560403
993,Son0563,2015-12-31,27.371164
994,Son0564,2015-12-31,27.303205
995,Son0565,2015-12-31,27.303205
996,WRM22-0063_2,2015-12-31,-685.0469
997,WRM23-0004_1,2015-12-31,-2.0915282
998,WRM23-0005_1,2015-12-31,-2.042308
999,WRM23-0009_1,2015-12-31,-6.0209627
1000,Son0001,2025-12-31,138.63435
1001,Son0002,2025-12-31,138.6355
1002,Son0004,2025-12-31,331.5985
1003,Son0005,2025-12-31,322.7138
1004,Son0006,2025-12-31,333.59088
1005,Son0007,2025-12-31,333.59088
1006,Son0008,2025-12-31,353.27502
1007,Son0009,2025-12-31,357.0604
1008,Son0010,2025-12-31,361.659
1009,Son0011,2025-12-31,357.41284
1010,Son0012,2025-12-31,348.4717
1011,Son0014,2025-12-31,351.90018
1012,Son0016,2025-12-31,359.54718
1013,Son0017,2025-12-31,375.86447
1014,Son0018,2025-12-31,505.73343
1015,Son0021,2025-12-31,186.49945
1016,Son0022,2025-12-31,346.6511
1017,Son0023,2025-12-31,340.4366
1018,Son0024,2025-12-31,342.24802
1019,Son0025,2025-12-31,321.13782
1020,Son0027,2025-12-31,361.25528
1021,Son0028,2025-12-31,353.79678
1022,Son0029,2025-12-31,320.41638
1023,Son0030,2025-12-31,364.25195
1024,Son0031,2025-12-31,348.81952
1025,Son0034,2025-12-31,358.5825
1026,Son0036,2025-12-31,312.3392
1027,Son0037,2025-12-31,136.01804
1028,Son0038,2025-12-31,266.229
1029,Son0039,2025-12-31,302.94873
1030,Son0040,2025-12-31,126.036766
1031,Son0041,2025-12-31,126.99479
1032,Son0042,2025-12-31,128.433
1033,Son0043,2025-12-31,124.44928
1034,Son0044,2025-12-31,119.2603
1035,Son0045,2025-12-31,118.60379
1036,Son0046,2025-12-31,117.88834
1037,Son0047,2025-12-31,380.42004
1038,Son0048,2025-12-31,374.19968
1039,Son0049,2025-12-31,315.22437
1040,Son0050,2025-12-31,309.7469
1041,Son0051,2025-12-31,126.136154
1042,Son0052,2025-12-31,121.29883
1043,Son0053,2025-12-31,315.82385
1044,Son0054,2025-12-31,276.2959
1045,Son0055,2025-12-31,281.04776
1046,Son0056,2025-12-31,310.08014
1047,Son0057,2025-12-31,271.3793
1048,Son0058,2025-12-31,259.2772
1049,Son0059,2025-12-31,248.28912
1050,Son0060,2025-12-31,273.10925
1051,Son0061,2025-12-31,167.12534
1052,Son0062,2025-12-31,87.8413
1053,Son0063,2025-12-31,74.833336
1054,Son0064,2025-12-31,118.39612
1055,Son0065,2025-12-31,54.355156
1056,Son0066,2025-12-31,54.508484
1057,Son0068,2025-12-31,54.355156
1058,Son0069,2025-12-31,86.81239
1059,Son0070,2025-12-31,54.826817
1060,Son0074,2025-12-31,66.24369
1061,Son0075,2025-12-31,65.540215
1062,Son0076,2025-12-31,50.26075
1063,Son0077,2025-12-31,54.34391
1064,Son0078,2025-12-31,64.01745
1065,Son0080,2025-12-31,60.29295
1066,Son0081,2025-12-31,48.13084
1067,Son0083,2025-12-31,49.803883
1068,Son0084,2025-12-31,46.435318
1069,Son0087,2025-12-31,48.111626
1070,Son0088,2025-12-31,44.41927
1071,Son0089,2025-12-31,20.244019
1072,Son0091,2025-12-31,36.43017
1073,Son0092,2025-12-31,30.340279
1074,Son0093,2025-12-31,27.434166
1075,Son0094,2025-12-31,34.96165
1076,Son0095,2025-12-31,25.747927
1077,Son0096,2025-12-31,41.654137
1078,Son0099,2025-12-31,167.0686
1079,Son0100,2025-12-31,165.07285
1080,Son0101,2025-12-31,162.49185
1081,Son0102,2025-12-31,164.58807
1082,Son0103,2025-12-31,162.81332
1083,Son0104,2025-12-31,165.07285
1084,Son0105,2025-12-31,161.12863
1085,Son0106,2025-12-31,161.40343
1086,Son0107,2025-12-31,84.515854
1087,Son0108,2025-12-31,92.65761
1088,Son0111,2025-12-31,79.65124
1089,Son0112,2025-12-31,71.81994
1090,Son0113,2025-12-31,71.80337
1091,Son0114,2025-12-31,67.49013
1092,Son0115,2025-12-31,60.679386
1093,Son0120,2025-12-31,30.87104
1094,Son0123,2025-12-31,165.21288
1095,Son0124,2025-12-31,161.8517
1096,Son0125,2025-12-31,162.22298
1097,Son0126,2025-12-31,61.69115
1098,Son0127,2025-12-31,52.69232
1099,Son0128,2025-12-31,59.31789
1100,Son0129,2025-12-31,154.16142
1101,Son0131,2025-12-31,56.950264
1102,Son0132,2025-12-31,54.555237
1103,Son0133,2025-12-31,54.555237
1104,Son0134,2025-12-31,49.9442
1105,Son0135,2025-12-31,53.00519
1106,Son0136,2025-12-31,48.21617
1107,Son0137,2025-12-31,47.387222
1108,Son0138,2025-12-31,48.21617
1109,Son0139,2025-12-31,55.435184
1110,Son0145,2025-12-31,29.16856
1111,Son0146,2025-12-31,26.193665
1112,Son0147,2025-12-31,26.193665
1113,Son0152,2025-12-31,23.481794
1114,Son0154,2025-12-31,22.689419
1115,Son0155,2025-12-31,20.080008
1116,Son0157,2025-12-31,-19.142715
1117,Son0158,2025-12-31,-19.142715
1118,Son0159,2025-12-31,-24.907396
1119,Son0160,2025-12-31,-35.204826
1120,Son0161,2025-12-31,-30.71009
1121,Son0162,2025-12-31,-37.9435
1122,Son0164,2025-12-31,162.00906
1123,Son0166,2025-12-31,64.57622
1124,Son0167,2025-12-31,46.919506
1125,Son0168,2025-12-31,57.579803
1126,Son0169,2025-12-31,56.39443
1127,Son0170,2025-12-31,63.05553
1128,Son0171,2025-12-31,85.09169
1129,Son0172,2025-12-31,72.22925
1130,Son0174,2025-12-31,13.692797
1131,Son0175,2025-12-31,44.645393
1132,Son0176,2025-12-31,18.15863
1133,Son0177,2025-12-31,1.0732979
1134,Son0179,2025-12-31,-3.7043028
1135,Son0180,2025-12-31,-7.245788
1136,Son0183,2025-12-31,164.19006
1137,Son0184,2025-12-31,163.89603
1138,Son0185,2025-12-31,164.27562
1139,Son0186,2025-12-31,163.34099
1140,Son0187,2025-12-31,163.51883
1141,Son0188,2025-12-31,26.554264
1142,Son0189,2025-12-31,2.2089849
1143,Son0191,2025-12-31,-23.209896
1144,Son0192,2025-12-31,161.96268
1145,Son0193,2025-12-31,-128.98172
1146,Son0201,2025-12-31,317.2663
1147,Son0224,2025-12-31,126.79793
1148,Son0235,2025-12-31,167.0686
1149,Son0265,2025-12-31,-21.045206
1150,Son0267,2025-12-31,-44.355732
1151,Son0277,2025-12-31,-4.412635
1152,Son0279,2025-12-31,3.3300002
1153,Son0286,2025-12-31,-8.223113
1154,Son0288,2025-12-31,26.178524
1155,Son0315,2025-12-31,13.87769
1156,Son0316,2025-12-31,13.87769
1157,Son0317,2025-12-31,13.667997
1158,Son0318,2025-12-31,13.667997
1159,Son0319,2025-12-31,13.667997
1160,Son0320,2025-12-31,13.87769
1161,Son0321,2025-12-31,-0.051298443
1162,Son0322,2025-12-31,-0.053452376
1163,Son0323,2025-12-31,-0.053452376
1164,Son0324,2025-12-31,-0.053452376
1165,Son0328,2025-12-31,15.493226
1166,Son0331,2025-12-31,59.81198
1167,Son0332,2025-12-31,41.681973
1168,Son0333,2025-12-31,96.419106
1169,Son0334,2025-12-31,96.419106
1170,Son0335,2025-12-31,102.63635
1171,Son0336,2025-12-31,93.19992
1172,Son0339,2025-12-31,75.59186
1173,Son0340,2025-12-31,57.787468
1174,Son0341,2025-12-31,28.32687
1175,Son0342,2025-12-31,28.32687
1176,Son0343,2025-12-31,29.026508
1177,Son0344,2025-12-31,69.23278
1178,Son0345,2025-12-31,69.238495
1179,Son0347,2025-12-31,332.44788
1180,Son0348,2025-12-31,44.41927
1181,Son0549,2025-12-31,39.58236
1182,Son0550,2025-12-31,39.58236
1183,Son0551,2025-12-31,219.88142
1184,Son0552,2025-12-31,152.94197
1185,Son0553,2025-12-31,91.278145
1186,Son0554,2025-12-31,27.193686
1187,Son0556,2025-12-31,39.58236
1188,Son0557,2025-12-31,39.58236
1189,Son0559,2025-12-31,33.108784
1190,Son0560,2025-12-31,33.108784
1191,Son0561,2025-12-31,-4.8393335
1192,Son0562,2025-12-31,-4.8393335
1193,Son0563,2025-12-31,23.544971
1194,Son0564,2025-12-31,23.532759
1195,Son0565,2025-12-31,23.532759
1196,WRM22-0063_2,2025-12-31,-702.65784
1197,WRM23-0004_1,2025-12-31,-2.7424355
1198,WRM23-0005_1,2025-12-31,-3.3584924
1199,WRM23-0009_1,2025-12-31,-5.886107
